<?xml version="1.0" encoding="UTF-8"?>
<project-private xmlns="http://www.netbeans.org/ns/project-private/1">
    <editor-bookmarks xmlns="http://www.netbeans.org/ns/editor-bookmarks/1"/>
    <editor-bookmarks xmlns="http://www.netbeans.org/ns/editor-bookmarks/2" lastBookmarkId="0"/>
    <open-files xmlns="http://www.netbeans.org/ns/projectui-open-files/2">
        <group>
            <file>file:/home/hake5/projects/polsl/ZAK/lab3/MACs/src/macs/Hash.java</file>
            <file>file:/home/hake5/projects/polsl/ZAK/lab3/MACs/src/macs/CBC.java</file>
            <file>file:/home/hake5/projects/polsl/ZAK/lab3/MACs/src/macs/Utils.java</file>
        </group>
    </open-files>
</project-private>
